{"cameraMode":{"drawMode":0,"name":"Shaded","section":"Shading Mode"},"sceneLighting":true,"audioPlay":false,"sceneViewState":{"m_AlwaysRefresh":false,"showFog":true,"showSkybox":true,"showFlares":true,"showImageEffects":true,"showParticleSystems":true,"showVisualEffectGraphs":true,"m_FxEnabled":true},"in2DMode":false,"pivot":{"x":917.656005859375,"y":614.0773315429688,"z":77.00923156738281},"rotation":{"x":-0.008387946523725987,"y":0.019194509834051133,"z":0.00020801069331355393,"w":0.9998134970664978},"size":559.3700561523438,"orthographic":false}