{"cameraMode":{"drawMode":0,"name":"Shaded","section":"Shading Mode"},"sceneLighting":true,"audioPlay":false,"sceneViewState":{"m_AlwaysRefresh":false,"showFog":true,"showSkybox":true,"showFlares":true,"showImageEffects":true,"showParticleSystems":true,"showVisualEffectGraphs":true,"m_FxEnabled":true},"in2DMode":false,"pivot":{"x":907.8287353515625,"y":584.8384399414063,"z":74.49195861816406},"rotation":{"x":-0.009889982640743256,"y":-0.010802563279867173,"z":-0.00009551386756356806,"w":0.999923586845398},"size":535.1257934570313,"orthographic":false}