{"cameraMode":{"drawMode":0,"name":"Shaded","section":"Shading Mode"},"sceneLighting":true,"audioPlay":false,"sceneViewState":{"m_AlwaysRefresh":false,"showFog":true,"showSkybox":true,"showFlares":true,"showImageEffects":true,"showParticleSystems":true,"showVisualEffectGraphs":true,"m_FxEnabled":true},"in2DMode":false,"pivot":{"x":414.25396728515627,"y":203.19300842285157,"z":-44.807247161865237},"rotation":{"x":-0.08564427495002747,"y":0.03137470781803131,"z":0.002693555550649762,"w":0.9958444237709045},"size":199.5981903076172,"orthographic":false}