{"cameraMode":{"drawMode":0,"name":"Shaded","section":"Shading Mode"},"sceneLighting":true,"audioPlay":false,"sceneViewState":{"m_AlwaysRefresh":false,"showFog":true,"showSkybox":true,"showFlares":true,"showImageEffects":true,"showParticleSystems":true,"showVisualEffectGraphs":true,"m_FxEnabled":true},"in2DMode":false,"pivot":{"x":1008.5098266601563,"y":433.46099853515627,"z":-38.0984001159668},"rotation":{"x":0.10839377343654633,"y":-0.009250848554074765,"z":0.0010064328089356423,"w":0.9940860867500305},"size":456.25225830078127,"orthographic":false}